idea,cohort,arm,permuted,seed,fold,auprc,auroc,n_test,kappa_chosen
R1,colorectal,idea_R1_mean_impute,0,0,0,0.1336699316725326,0.7467915287840488,8000,
R1,colorectal,idea_R1_ours_asis,0,0,0,0.11857130136176962,0.7332541839438304,8000,
R1,colorectal,idea_R1_rooted_kinf,0,0,0,0.1336699316725326,0.7467915287840486,8000,
R1,colorectal,idea_R1_rooted_cv,0,0,0,0.13364352679097172,0.7467116085906499,8000,1000000.0
R1,colorectal,idea_R1_mean_impute,0,0,1,0.16123279782703118,0.7832365568757939,8000,
R1,colorectal,idea_R1_ours_asis,0,0,1,0.1516606744517677,0.7783038176294209,8000,
R1,colorectal,idea_R1_rooted_kinf,0,0,1,0.1612327978270312,0.783236556875794,8000,
R1,colorectal,idea_R1_rooted_cv,0,0,1,0.16169880502037395,0.7834207384382459,8000,1000000.0
R1,colorectal,idea_R1_mean_impute,0,0,2,0.14914049172882882,0.7643240184507157,8000,
R1,colorectal,idea_R1_ours_asis,0,0,2,0.12942234971196112,0.7514559223011946,8000,
R1,colorectal,idea_R1_rooted_kinf,0,0,2,0.1491398677879115,0.7643236139716768,8000,
R1,colorectal,idea_R1_rooted_cv,0,0,2,0.14914466999724152,0.7642912556485497,8000,1000000.0
R1,colorectal,idea_R1_mean_impute,0,0,3,0.15395573835288917,0.7766567865920052,8000,
R1,colorectal,idea_R1_ours_asis,0,0,3,0.14834254705936478,0.7744843296730678,8000,
R1,colorectal,idea_R1_rooted_kinf,0,0,3,0.15394708846143138,0.7766567865920052,8000,
R1,colorectal,idea_R1_rooted_cv,0,0,3,0.15377052013149586,0.7768525544469235,8000,1000000.0
R1,colorectal,idea_R1_mean_impute,0,0,4,0.144378635141904,0.7913252189445039,8000,
R1,colorectal,idea_R1_ours_asis,0,0,4,0.13721063238042325,0.7832423120669041,8000,
R1,colorectal,idea_R1_rooted_kinf,0,0,4,0.14437489346713037,0.7913254211840234,8000,
R1,colorectal,idea_R1_rooted_cv,0,0,4,0.14478149810324742,0.7917149344986644,8000,1000000.0
R1,colorectal,idea_R1_mean_impute,0,1,0,0.13236866149709878,0.7678442116075763,8000,
R1,colorectal,idea_R1_ours_asis,0,1,0,0.12882373502628466,0.7602327259804321,8000,
R1,colorectal,idea_R1_rooted_kinf,0,1,0,0.13236861489201115,0.7678442116075763,8000,
R1,colorectal,idea_R1_rooted_cv,0,1,0,0.132440723498565,0.7681833653216948,8000,1000000.0
R1,colorectal,idea_R1_mean_impute,0,1,1,0.15185977876815526,0.7872471712511242,8000,
R1,colorectal,idea_R1_ours_asis,0,1,1,0.14576206938974992,0.7875226322222804,8000,
R1,colorectal,idea_R1_rooted_kinf,0,1,1,0.15185977876815526,0.7872471712511242,8000,
R1,colorectal,idea_R1_rooted_cv,0,1,1,0.15185977876815526,0.7872471712511242,8000,inf
R1,colorectal,idea_R1_mean_impute,0,1,2,0.14809656336228721,0.77163396588462,8000,
R1,colorectal,idea_R1_ours_asis,0,1,2,0.1400835468181069,0.7673810710281371,8000,
R1,colorectal,idea_R1_rooted_kinf,0,1,2,0.14809650849550887,0.7716341681241394,8000,
R1,colorectal,idea_R1_rooted_cv,0,1,2,0.14810897023022696,0.7718966750205071,8000,1000000.0
R1,colorectal,idea_R1_mean_impute,0,1,3,0.13749489481915955,0.7632636766497487,8000,
R1,colorectal,idea_R1_ours_asis,0,1,3,0.12884571889612467,0.7533494909226813,8000,
R1,colorectal,idea_R1_rooted_kinf,0,1,3,0.1374947944611526,0.7632632721707096,8000,
R1,colorectal,idea_R1_rooted_cv,0,1,3,0.1374947944611526,0.7632632721707096,8000,inf
R1,colorectal,idea_R1_mean_impute,0,1,4,0.1424177472117427,0.7549433405762047,8000,
R1,colorectal,idea_R1_ours_asis,0,1,4,0.13512144828124978,0.7513762399304943,8000,
R1,colorectal,idea_R1_rooted_kinf,0,1,4,0.14241758756316208,0.7549433405762047,8000,
R1,colorectal,idea_R1_rooted_cv,0,1,4,0.1425017415253684,0.7549158360015467,8000,1000000.0
R1,colorectal,idea_R1_mean_impute,0,2,0,0.13768572359461534,0.773416109558009,8000,
R1,colorectal,idea_R1_ours_asis,0,2,0,0.12240916149192196,0.7543407415701437,8000,
R1,colorectal,idea_R1_rooted_kinf,0,2,0,0.13768572359461537,0.773416109558009,8000,
R1,colorectal,idea_R1_rooted_cv,0,2,0,0.1377589962096871,0.7730315189826688,8000,1000000.0
R1,colorectal,idea_R1_mean_impute,0,2,1,0.13652888768829918,0.7550174262533373,8000,
R1,colorectal,idea_R1_ours_asis,0,2,1,0.12924231897261618,0.7617723053405757,8000,
R1,colorectal,idea_R1_rooted_kinf,0,2,1,0.13652873097352808,0.7550176290964677,8000,
R1,colorectal,idea_R1_rooted_cv,0,2,1,0.13652873097352808,0.7550176290964677,8000,inf
R1,colorectal,idea_R1_mean_impute,0,2,2,0.1382259968775812,0.7648478188063337,8000,
R1,colorectal,idea_R1_ours_asis,0,2,2,0.14151869566609068,0.7694354200676612,8000,
R1,colorectal,idea_R1_rooted_kinf,0,2,2,0.1382265668950922,0.7648474143272948,8000,
R1,colorectal,idea_R1_rooted_cv,0,2,2,0.1382265668950922,0.7648474143272948,8000,inf
R1,colorectal,idea_R1_mean_impute,0,2,3,0.15408665609445593,0.7728405268582172,8000,
R1,colorectal,idea_R1_ours_asis,0,2,3,0.15564470179520745,0.7686406187558549,8000,
R1,colorectal,idea_R1_rooted_kinf,0,2,3,0.15408554880331046,0.7728403246186977,8000,
R1,colorectal,idea_R1_rooted_cv,0,2,3,0.15379515718639034,0.7730292163299514,8000,1000000.0
R1,colorectal,idea_R1_mean_impute,0,2,4,0.15170673565871962,0.7767263569867282,8000,
R1,colorectal,idea_R1_ours_asis,0,2,4,0.13500458919751834,0.766102715025102,8000,
R1,colorectal,idea_R1_rooted_kinf,0,2,4,0.15170639773830344,0.7767259525076892,8000,
R1,colorectal,idea_R1_rooted_cv,0,2,4,0.15170639773830344,0.7767259525076892,8000,inf
R1,colorectal,idea_R1_mean_impute,0,3,0,0.14587879677555962,0.7607868934128317,8000,
R1,colorectal,idea_R1_ours_asis,0,3,0,0.12910428215213116,0.7579085493916937,8000,
R1,colorectal,idea_R1_rooted_kinf,0,3,0,0.14587879677555965,0.7607868934128317,8000,
R1,colorectal,idea_R1_rooted_cv,0,3,0,0.1462475030697752,0.760579587733508,8000,1000000.0
R1,colorectal,idea_R1_mean_impute,0,3,1,0.15016502403510446,0.7806018274543309,8000,
R1,colorectal,idea_R1_ours_asis,0,3,1,0.13647622519792604,0.7652727692428151,8000,
R1,colorectal,idea_R1_rooted_kinf,0,3,1,0.1501649528235227,0.7806016246112004,8000,
R1,colorectal,idea_R1_rooted_cv,0,3,1,0.1498456111758884,0.7810129904797605,8000,1000000.0
R1,colorectal,idea_R1_mean_impute,0,3,2,0.14649912388368275,0.780119127166592,8000,
R1,colorectal,idea_R1_ours_asis,0,3,2,0.14828225756623248,0.7765949012990249,8000,
R1,colorectal,idea_R1_rooted_kinf,0,3,2,0.14648213847645322,0.780118318208514,8000,
R1,colorectal,idea_R1_rooted_cv,0,3,2,0.14648213847645322,0.780118318208514,8000,inf
R1,colorectal,idea_R1_mean_impute,0,3,3,0.15325070761575932,0.7749812321725863,8000,
R1,colorectal,idea_R1_ours_asis,0,3,3,0.14795848277612225,0.7727092734100333,8000,
R1,colorectal,idea_R1_rooted_kinf,0,3,3,0.15325070761575932,0.7749816366516254,8000,
R1,colorectal,idea_R1_rooted_cv,0,3,3,0.15325070761575932,0.7749816366516254,8000,inf
R1,colorectal,idea_R1_mean_impute,0,3,4,0.1292545914928622,0.7689168779395514,8000,
R1,colorectal,idea_R1_ours_asis,0,3,4,0.12725493002936714,0.7589673002965639,8000,
R1,colorectal,idea_R1_rooted_kinf,0,3,4,0.12925459149286217,0.768917080179071,8000,
R1,colorectal,idea_R1_rooted_cv,0,3,4,0.12925459149286217,0.768917080179071,8000,inf
R1,colorectal,idea_R1_mean_impute,0,4,0,0.16346856760039224,0.7801472559989842,8000,
R1,colorectal,idea_R1_ours_asis,0,4,0,0.13227337015519186,0.7693724317524145,8000,
R1,colorectal,idea_R1_rooted_kinf,0,4,0,0.16346856760039224,0.7801474588421146,8000,
R1,colorectal,idea_R1_rooted_cv,0,4,0,0.1640445284448389,0.7805985819642435,8000,50000.0
R1,colorectal,idea_R1_mean_impute,0,4,1,0.12132105528282577,0.7587785435782096,8000,
R1,colorectal,idea_R1_ours_asis,0,4,1,0.12428711502422014,0.7539882002094153,8000,
R1,colorectal,idea_R1_rooted_kinf,0,4,1,0.12132025331677727,0.7587781378919487,8000,
R1,colorectal,idea_R1_rooted_cv,0,4,1,0.12126063252143719,0.7589485261215297,8000,1000000.0
R1,colorectal,idea_R1_mean_impute,0,4,2,0.16038515224438765,0.7956709417404572,8000,
R1,colorectal,idea_R1_ours_asis,0,4,2,0.16101202138704518,0.7915889392779887,8000,
R1,colorectal,idea_R1_rooted_kinf,0,4,2,0.160378068918311,0.7956705372614181,8000,
R1,colorectal,idea_R1_rooted_cv,0,4,2,0.16010917136332536,0.7963011200833551,8000,1000000.0
R1,colorectal,idea_R1_mean_impute,0,4,3,0.13972087728804308,0.7612071029755095,8000,
R1,colorectal,idea_R1_ours_asis,0,4,3,0.12686966067311978,0.755689402163801,8000,
R1,colorectal,idea_R1_rooted_kinf,0,4,3,0.13972072385891118,0.7612069007359902,8000,
R1,colorectal,idea_R1_rooted_cv,0,4,3,0.13972072385891118,0.7612069007359902,8000,inf
R1,colorectal,idea_R1_mean_impute,0,4,4,0.14096217513254578,0.759776056135219,8000,
R1,colorectal,idea_R1_ours_asis,0,4,4,0.13924322830303051,0.7505630348224095,8000,
R1,colorectal,idea_R1_rooted_kinf,0,4,4,0.1409621194296648,0.7597758538956996,8000,
R1,colorectal,idea_R1_rooted_cv,0,4,4,0.1409621194296648,0.7597758538956996,8000,inf
R1,colorectal,idea_R1_mean_impute,1,0,0,0.13235902285691714,0.7390139146330628,8000,
R1,colorectal,idea_R1_ours_asis,1,0,0,0.13032758416495355,0.7336665640280426,8000,
R1,colorectal,idea_R1_rooted_kinf,1,0,0,0.13235902285691714,0.7390139146330628,8000,
R1,colorectal,idea_R1_rooted_cv,1,0,0,0.13235902285691714,0.7390139146330628,8000,inf
R1,colorectal,idea_R1_mean_impute,1,0,1,0.16128004764115683,0.7808941244053146,8000,
R1,colorectal,idea_R1_ours_asis,1,0,1,0.15447410877630094,0.7811387532206417,8000,
R1,colorectal,idea_R1_rooted_kinf,1,0,1,0.16128004764115683,0.7808941244053146,8000,
R1,colorectal,idea_R1_rooted_cv,1,0,1,0.16128004764115683,0.7808941244053146,8000,inf
R1,colorectal,idea_R1_mean_impute,1,0,2,0.1597606452740625,0.7669213806002145,8000,
R1,colorectal,idea_R1_ours_asis,1,0,2,0.1358326399167672,0.7519204664775861,8000,
R1,colorectal,idea_R1_rooted_kinf,1,0,2,0.1597606452740625,0.7669213806002145,8000,
R1,colorectal,idea_R1_rooted_cv,1,0,2,0.1597606452740625,0.7669213806002145,8000,inf
R1,colorectal,idea_R1_mean_impute,1,0,3,0.1403898702679096,0.7841186159050867,8000,
R1,colorectal,idea_R1_ours_asis,1,0,3,0.1353884217585303,0.7735002321709683,8000,
R1,colorectal,idea_R1_rooted_kinf,1,0,3,0.1403898702679096,0.7841186159050867,8000,
R1,colorectal,idea_R1_rooted_cv,1,0,3,0.1403898702679096,0.7841186159050867,8000,inf
R1,colorectal,idea_R1_mean_impute,1,0,4,0.1300574608602082,0.7758765465256059,8000,
R1,colorectal,idea_R1_ours_asis,1,0,4,0.122444962237822,0.7709427112068198,8000,
R1,colorectal,idea_R1_rooted_kinf,1,0,4,0.1300574608602082,0.7758765465256059,8000,
R1,colorectal,idea_R1_rooted_cv,1,0,4,0.1300574608602082,0.7758765465256059,8000,inf
R1,colorectal,idea_R1_mean_impute,1,1,0,0.1324303584214834,0.7570746612823986,8000,
R1,colorectal,idea_R1_ours_asis,1,1,0,0.12103761079337773,0.7489698611619909,8000,
R1,colorectal,idea_R1_rooted_kinf,1,1,0,0.1324303584214834,0.7570746612823986,8000,
R1,colorectal,idea_R1_rooted_cv,1,1,0,0.1324303584214834,0.7570746612823986,8000,inf
R1,colorectal,idea_R1_mean_impute,1,1,1,0.15052667519153146,0.7862579053039016,8000,
R1,colorectal,idea_R1_ours_asis,1,1,1,0.1531674158733831,0.7829850313940313,8000,
R1,colorectal,idea_R1_rooted_kinf,1,1,1,0.15052667519153146,0.7862579053039016,8000,
R1,colorectal,idea_R1_rooted_cv,1,1,1,0.15052667519153146,0.7862579053039016,8000,inf
R1,colorectal,idea_R1_mean_impute,1,1,2,0.1526571968085365,0.773396281057923,8000,
R1,colorectal,idea_R1_ours_asis,1,1,2,0.1463055197898893,0.7602931825866921,8000,
R1,colorectal,idea_R1_rooted_kinf,1,1,2,0.1526571968085365,0.773396281057923,8000,
R1,colorectal,idea_R1_rooted_cv,1,1,2,0.1526571968085365,0.773396281057923,8000,inf
R1,colorectal,idea_R1_mean_impute,1,1,3,0.13545220000757802,0.7594951454425729,8000,
R1,colorectal,idea_R1_ours_asis,1,1,3,0.13354911156276575,0.7558778893960156,8000,
R1,colorectal,idea_R1_rooted_kinf,1,1,3,0.13545220000757802,0.7594951454425729,8000,
R1,colorectal,idea_R1_rooted_cv,1,1,3,0.13545220000757802,0.7594951454425729,8000,inf
R1,colorectal,idea_R1_mean_impute,1,1,4,0.13568783640991425,0.753250393558105,8000,
R1,colorectal,idea_R1_ours_asis,1,1,4,0.13488303805391763,0.7504052879971654,8000,
R1,colorectal,idea_R1_rooted_kinf,1,1,4,0.13568783640991425,0.753250393558105,8000,
R1,colorectal,idea_R1_rooted_cv,1,1,4,0.13342617013433547,0.7528612847225031,8000,50000.0
R1,colorectal,idea_R1_mean_impute,1,2,0,0.14003795915528022,0.7652674953214231,8000,
R1,colorectal,idea_R1_ours_asis,1,2,0,0.1349734999144742,0.7628102536391073,8000,
R1,colorectal,idea_R1_rooted_kinf,1,2,0,0.14003795915528022,0.7652674953214231,8000,
R1,colorectal,idea_R1_rooted_cv,1,2,0,0.14003795915528022,0.7652674953214231,8000,inf
R1,colorectal,idea_R1_mean_impute,1,2,1,0.12992532847653673,0.7643830992726451,8000,
R1,colorectal,idea_R1_ours_asis,1,2,1,0.12522955330388358,0.7637054003737993,8000,
R1,colorectal,idea_R1_rooted_kinf,1,2,1,0.12992532847653673,0.7643830992726451,8000,
R1,colorectal,idea_R1_rooted_cv,1,2,1,0.12992532847653673,0.7643830992726451,8000,inf
R1,colorectal,idea_R1_mean_impute,1,2,2,0.1455843494843481,0.7627993347128764,8000,
R1,colorectal,idea_R1_ours_asis,1,2,2,0.13100468651421113,0.7575233101270227,8000,
R1,colorectal,idea_R1_rooted_kinf,1,2,2,0.1455843494843481,0.7627993347128764,8000,
R1,colorectal,idea_R1_rooted_cv,1,2,2,0.1455843494843481,0.7627993347128764,8000,inf
R1,colorectal,idea_R1_mean_impute,1,2,3,0.151225670029707,0.7737142015826455,8000,
R1,colorectal,idea_R1_ours_asis,1,2,3,0.14326058827010538,0.7610807032757949,8000,
R1,colorectal,idea_R1_rooted_kinf,1,2,3,0.151225670029707,0.7737142015826455,8000,
R1,colorectal,idea_R1_rooted_cv,1,2,3,0.14732303198327262,0.7743641993984588,8000,50000.0
R1,colorectal,idea_R1_mean_impute,1,2,4,0.14568258832606354,0.7738476796655442,8000,
R1,colorectal,idea_R1_ours_asis,1,2,4,0.13418500349643814,0.7545981177163438,8000,
R1,colorectal,idea_R1_rooted_kinf,1,2,4,0.14568258832606354,0.7738476796655442,8000,
R1,colorectal,idea_R1_rooted_cv,1,2,4,0.14568258832606354,0.7738476796655442,8000,inf
R1,colorectal,idea_R1_mean_impute,1,3,0,0.14452358728367531,0.7499666323050402,8000,
R1,colorectal,idea_R1_ours_asis,1,3,0,0.129616294863702,0.749337007228112,8000,
R1,colorectal,idea_R1_rooted_kinf,1,3,0,0.14452358728367531,0.7499666323050402,8000,
R1,colorectal,idea_R1_rooted_cv,1,3,0,0.14452358728367531,0.7499666323050402,8000,inf
R1,colorectal,idea_R1_mean_impute,1,3,1,0.1486818900768408,0.7709393949351693,8000,
R1,colorectal,idea_R1_ours_asis,1,3,1,0.1581820405866053,0.7695572218442579,8000,
R1,colorectal,idea_R1_rooted_kinf,1,3,1,0.1486818900768408,0.7709393949351693,8000,
R1,colorectal,idea_R1_rooted_cv,1,3,1,0.1489328084044559,0.771120331007534,8000,1000000.0
R1,colorectal,idea_R1_mean_impute,1,3,2,0.14002179267001988,0.770719236537724,8000,
R1,colorectal,idea_R1_ours_asis,1,3,2,0.1367878957386499,0.7679861716706117,8000,
R1,colorectal,idea_R1_rooted_kinf,1,3,2,0.14002179267001988,0.770719236537724,8000,
R1,colorectal,idea_R1_rooted_cv,1,3,2,0.14002179267001988,0.770719236537724,8000,inf
R1,colorectal,idea_R1_mean_impute,1,3,3,0.14618232157554825,0.776696830016875,8000,
R1,colorectal,idea_R1_ours_asis,1,3,3,0.14417880936656152,0.7704852454136121,8000,
R1,colorectal,idea_R1_rooted_kinf,1,3,3,0.14618232157554825,0.776696830016875,8000,
R1,colorectal,idea_R1_rooted_cv,1,3,3,0.14618232157554825,0.776696830016875,8000,inf
R1,colorectal,idea_R1_mean_impute,1,3,4,0.12904066677863904,0.7668024637627229,8000,
R1,colorectal,idea_R1_ours_asis,1,3,4,0.11564771386063223,0.7546725418595357,8000,
R1,colorectal,idea_R1_rooted_kinf,1,3,4,0.12904066677863904,0.7668024637627229,8000,
R1,colorectal,idea_R1_rooted_cv,1,3,4,0.12904066677863904,0.7668024637627229,8000,inf
R1,colorectal,idea_R1_mean_impute,1,4,0,0.1459919409945884,0.7773328075639392,8000,
R1,colorectal,idea_R1_ours_asis,1,4,0,0.13328611220476833,0.7652230726758538,8000,
R1,colorectal,idea_R1_rooted_kinf,1,4,0,0.1459919409945884,0.7773328075639392,8000,
R1,colorectal,idea_R1_rooted_cv,1,4,0,0.1459919409945884,0.7773328075639392,8000,inf
R1,colorectal,idea_R1_mean_impute,1,4,1,0.1267177194994405,0.7494177387940326,8000,
R1,colorectal,idea_R1_ours_asis,1,4,1,0.11429003671487478,0.7342316849894868,8000,
R1,colorectal,idea_R1_rooted_kinf,1,4,1,0.1267177194994405,0.7494177387940326,8000,
R1,colorectal,idea_R1_rooted_cv,1,4,1,0.1267177194994405,0.7494177387940326,8000,inf
R1,colorectal,idea_R1_mean_impute,1,4,2,0.16253648893577496,0.7880821060091023,8000,
R1,colorectal,idea_R1_ours_asis,1,4,2,0.1457311339816487,0.7771098031157829,8000,
R1,colorectal,idea_R1_rooted_kinf,1,4,2,0.16253648893577496,0.7880821060091023,8000,
R1,colorectal,idea_R1_rooted_cv,1,4,2,0.16223168254672804,0.7880436805003891,8000,1000000.0
R1,colorectal,idea_R1_mean_impute,1,4,3,0.1438613240169524,0.7606948302725056,8000,
R1,colorectal,idea_R1_ours_asis,1,4,3,0.13995307422908115,0.7594773483648529,8000,
R1,colorectal,idea_R1_rooted_kinf,1,4,3,0.1438613240169524,0.7606948302725056,8000,
R1,colorectal,idea_R1_rooted_cv,1,4,3,0.1438613240169524,0.7606948302725056,8000,inf
R1,colorectal,idea_R1_mean_impute,1,4,4,0.1445388316861473,0.765003745475902,8000,
R1,colorectal,idea_R1_ours_asis,1,4,4,0.13345464676843435,0.7472762381507865,8000,
R1,colorectal,idea_R1_rooted_kinf,1,4,4,0.1445388316861473,0.765003745475902,8000,
R1,colorectal,idea_R1_rooted_cv,1,4,4,0.14420456361713735,0.7647477102441598,8000,1000000.0
